"ID","name","parent","formats"
1,"introduction",".root","both"
2,"methods",".root","both"
3,"study_area","methods","both"
4,"sampling","methods","both"
5,"location","methods","both"
6,"location_eow","methods","both"
7,"effort","methods","both"
8,"effort_eow","methods","both"
9,"image_processing","methods","both"
10,"data_processing","methods","both"
11,"results",".root","both"
12,"captures","results","both"
13,"abundance_trends","results","both"
14,"abundance_trends_eow","results","both"
15,"population_density","results","both"
16,"model_parameters","population_density","both"
17,"model_parameters_eow","population_density","both"
18,"population_densities","population_density","both"
19,"population_densities_eow","population_density","both"
20,"activity_patterns","results","both"
21,"activity_patterns_eow","results","both"
22,"richness","results","both"
23,"co_occurrence","results","both"
24,"spatial_density","results","both"
25,"habitat_preferences","results","both"
26,"species_accumulation","results","both"
27,"acknowledgements",".root","both"
28,"appendix",".root","html"
29,"appendix_eow",".root","both"
30,"References",".root","both"
31,"References_eow",".root","both"
